Order ID,Order Date,Region,Channel,Product,Units,Unit Price,Refunded
SO-00001,2025-08-20,West,retail,Flange,19,40.66,false
SO-00002,2025-09-01,South,online,Sprocket,10,32.39,false
SO-00003,2026-02-19,North,partner,Sprocket,15,120.47,false
SO-00004,2025-11-29,South,partner,Widget,17,18.86,true
SO-00005,2025-04-08,South,partner,Widget,15,64.12,false
SO-00006,2025-04-11,South,partner,Doohickey,16,8.79,true
SO-00007,2025-08-23,East,retail,Flange,3,129.74,false
SO-00008,2026-01-24,South,partner,Doohickey,1,20.08,true
SO-00009,2025-07-25,North,retail,Sprocket,3,172.78,true
SO-00010,2025-04-20,South,online,Sprocket,13,176.62,false
SO-00011,2025-08-03,North,partner,Gadget,9,65.95,false
SO-00012,2025-06-20,North,retail,Widget,5,50.38,true
SO-00013,2025-01-06,North,retail,Sprocket,6,125.32,false
SO-00014,2025-08-18,South,partner,Gadget,14,118.72,true
SO-00015,2025-07-22,West,online,Widget,9,156.67,false
SO-00016,2025-06-05,North,online,Gadget,13,179.28,false
SO-00017,2025-11-25,North,online,Gadget,7,83.95,true
SO-00018,2026-01-31,East,retail,Sprocket,3,20.78,false
SO-00019,2025-10-26,South,online,Flange,12,71.93,false
SO-00020,2025-03-07,West,partner,Gadget,13,39.45,false
SO-00021,2025-06-09,South,partner,Gadget,7,35.26,false
SO-00022,2025-04-11,West,retail,Flange,3,80.49,true
SO-00023,2025-02-25,North,partner,Doohickey,8,135.25,false
SO-00024,2025-05-12,West,partner,Sprocket,10,97.45,true
SO-00025,2025-03-06,South,retail,Flange,20,113.66,false
SO-00026,2025-04-19,South,partner,Widget,3,54.30,false
SO-00027,2025-05-08,North,online,Gadget,10,71.43,false
SO-00028,2025-03-09,North,retail,Gadget,15,176.64,false
SO-00029,2025-10-27,South,partner,Widget,1,89.66,false
SO-00030,2025-12-25,East,online,Widget,20,117.42,false
SO-00031,2025-02-04,East,retail,Gadget,3,20.95,false
SO-00032,2025-07-08,North,partner,Gadget,11,68.52,false
SO-00033,2025-02-09,West,online,Sprocket,19,10.50,false
SO-00034,2025-07-14,North,partner,Widget,3,23.59,true
SO-00035,2025-05-12,West,partner,Doohickey,13,168.69,false
SO-00036,2025-08-23,West,retail,Flange,3,97.22,false
SO-00037,2025-01-16,East,partner,Widget,16,11.83,true
SO-00038,2025-09-12,West,retail,Widget,12,59.78,false
SO-00039,2025-04-14,South,retail,Sprocket,16,161.38,false
SO-00040,2025-07-27,East,online,Sprocket,7,159.41,false
SO-00041,2025-04-23,East,online,Gadget,5,93.39,true
SO-00042,2025-12-31,North,retail,Gadget,4,85.51,false
SO-00043,2025-04-20,West,retail,Flange,16,123.61,false
SO-00044,2025-08-20,East,online,Widget,9,158.13,true
SO-00045,2025-12-14,East,partner,Doohickey,10,119.68,false
SO-00046,2025-01-10,South,retail,Sprocket,7,12.25,false
SO-00047,2025-05-02,South,online,Widget,15,26.75,false
SO-00048,2025-12-02,East,online,Gadget,7,149.70,false
SO-00049,2025-04-02,North,retail,Flange,2,38.80,false
SO-00050,2026-02-03,East,partner,Flange,17,113.68,false
SO-00051,2025-07-21,South,online,Sprocket,13,30.34,false
SO-00052,2025-04-11,North,retail,Flange,19,120.26,false
SO-00053,2026-02-12,East,retail,Doohickey,7,25.02,true
SO-00054,2025-04-20,South,retail,Widget,10,100.36,false
SO-00055,2025-05-15,North,retail,Flange,3,14.39,false
SO-00056,2025-10-09,West,retail,Sprocket,1,45.55,true
SO-00057,2025-08-08,North,online,Flange,11,126.09,false
SO-00058,2025-08-29,South,partner,Flange,15,170.67,false
SO-00059,2025-10-24,North,online,Sprocket,17,104.11,false
SO-00060,2025-11-24,South,partner,Flange,18,52.12,false
SO-00061,2025-11-09,South,retail,Gadget,18,98.17,false
SO-00062,2025-09-12,South,retail,Flange,4,94.55,false
SO-00063,2025-07-13,North,partner,Widget,17,165.78,false
SO-00064,2026-02-15,North,retail,Widget,6,19.33,false
SO-00065,2025-08-23,West,retail,Doohickey,8,89.38,false
SO-00066,2025-06-23,West,retail,Flange,11,26.68,false
SO-00067,2025-11-13,North,retail,Gadget,1,14.13,false
SO-00068,2025-04-27,North,partner,Doohickey,11,132.46,false
SO-00069,2025-11-14,West,online,Sprocket,19,29.12,false
SO-00070,2025-11-16,East,partner,Gadget,17,159.14,true
SO-00071,2025-07-12,West,partner,Flange,6,100.57,false
SO-00072,2025-11-23,South,partner,Gadget,18,113.21,false
SO-00073,2025-04-30,East,online,Doohickey,20,62.18,false
SO-00074,2025-04-22,South,online,Gadget,8,30.80,true
SO-00075,2025-05-13,West,online,Sprocket,14,101.44,false
SO-00076,2025-04-13,West,partner,Widget,4,42.56,false
SO-00077,2026-02-25,East,online,Flange,11,94.48,false
SO-00078,2026-02-16,North,retail,Widget,1,14.44,false
SO-00079,2025-11-11,West,online,Gadget,6,27.77,false
SO-00080,2025-03-22,East,partner,Widget,19,18.65,false
SO-00081,2025-02-09,North,retail,Sprocket,15,81.35,false
SO-00082,2025-08-09,South,partner,Doohickey,1,117.05,true
SO-00083,2025-04-13,South,retail,Sprocket,12,135.17,false
SO-00084,2025-04-10,South,online,Flange,1,63.68,true
SO-00085,2026-02-15,West,partner,Flange,7,94.74,false
SO-00086,2026-02-17,East,retail,Widget,6,148.12,false
SO-00087,2025-03-10,East,partner,Doohickey,14,139.62,false
SO-00088,2025-04-16,South,online,Doohickey,10,88.64,true
SO-00089,2025-07-02,North,online,Doohickey,10,66.10,false
SO-00090,2025-10-19,South,partner,Widget,13,96.53,false
SO-00091,2025-11-25,South,partner,Widget,13,176.57,true
SO-00092,2025-02-28,North,partner,Gadget,9,84.31,false
SO-00093,2025-01-26,South,partner,Sprocket,1,24.93,false
SO-00094,2025-05-22,East,partner,Flange,17,79.50,false
SO-00095,2025-10-18,North,partner,Sprocket,3,102.50,true
SO-00096,2025-07-17,South,retail,Sprocket,6,155.18,false
SO-00097,2025-11-09,North,retail,Sprocket,14,56.92,false
SO-00098,2025-11-03,East,retail,Flange,10,91.12,false
SO-00099,2025-10-15,East,partner,Doohickey,1,10.41,false
SO-00100,2025-10-27,North,partner,Gadget,14,137.80,false
SO-00101,2025-01-28,East,partner,Sprocket,2,108.06,false
SO-00102,2025-02-07,South,retail,Sprocket,9,175.38,false
SO-00103,2025-01-24,North,partner,Sprocket,5,176.36,false
SO-00104,2025-11-06,North,online,Flange,14,86.38,false
SO-00105,2025-01-27,East,partner,Gadget,4,70.49,false
SO-00106,2025-12-08,West,retail,Flange,9,118.01,false
SO-00107,2025-07-06,South,retail,Gadget,8,90.75,false
SO-00108,2025-06-08,East,retail,Doohickey,20,125.83,false
SO-00109,2025-12-24,South,partner,Doohickey,8,40.65,false
SO-00110,2025-09-15,South,partner,Widget,2,9.63,false
SO-00111,2025-08-06,North,partner,Widget,4,46.28,false
SO-00112,2025-02-07,North,partner,Gadget,18,48.38,false
SO-00113,2025-09-05,West,retail,Gadget,11,67.12,false
SO-00114,2025-02-08,North,retail,Flange,7,84.43,false
SO-00115,2025-07-19,South,retail,Gadget,20,63.97,false
SO-00116,2026-01-24,South,retail,Doohickey,19,24.69,false
SO-00117,2025-02-10,North,retail,Flange,19,91.40,false
SO-00118,2025-06-03,North,online,Doohickey,7,164.64,false
SO-00119,2025-02-11,East,retail,Doohickey,10,159.65,false
SO-00120,2025-07-03,East,retail,Widget,11,130.00,false
SO-00121,2025-11-01,East,retail,Flange,10,86.82,false
SO-00122,2025-07-24,South,online,Doohickey,12,12.15,false
SO-00123,2025-10-27,West,online,Flange,12,145.10,false
SO-00124,2025-03-21,South,online,Widget,15,159.51,false
SO-00125,2026-02-20,North,online,Flange,2,101.59,false
SO-00126,2025-06-01,North,partner,Sprocket,3,108.10,false
SO-00127,2026-02-08,North,retail,Widget,9,134.77,false
SO-00128,2025-02-13,North,partner,Gadget,4,136.28,false
SO-00129,2025-05-06,South,retail,Flange,11,139.53,false
SO-00130,2025-06-29,East,retail,Gadget,16,91.94,true
SO-00131,2025-12-29,North,retail,Doohickey,1,146.62,true
SO-00132,2025-08-26,North,partner,Doohickey,1,145.99,false
SO-00133,2025-08-04,South,online,Gadget,13,125.66,false
SO-00134,2025-04-15,West,retail,Flange,10,55.13,true
SO-00135,2025-08-30,East,partner,Widget,10,119.45,false
SO-00136,2025-02-01,West,online,Flange,16,164.40,true
SO-00137,2025-06-10,North,online,Gadget,12,45.39,false
SO-00138,2025-11-04,West,partner,Flange,8,84.02,false
SO-00139,2025-07-26,South,retail,Flange,18,90.47,false
SO-00140,2025-09-06,West,retail,Flange,3,91.01,false
SO-00141,2025-07-24,North,online,Gadget,13,175.88,false
SO-00142,2026-02-01,East,online,Gadget,1,158.34,false
SO-00143,2025-08-19,South,partner,Sprocket,20,158.47,false
SO-00144,2025-03-22,East,online,Doohickey,17,30.55,false
SO-00145,2025-05-17,North,online,Flange,6,8.23,false
SO-00146,2026-02-25,South,online,Doohickey,9,113.76,false
SO-00147,2025-02-19,West,partner,Sprocket,3,172.34,false
SO-00148,2025-10-06,East,online,Gadget,14,41.21,true
SO-00149,2026-02-05,West,online,Widget,18,79.06,false
SO-00150,2025-03-22,East,retail,Doohickey,13,21.08,false
SO-00151,2025-08-28,North,retail,Widget,5,26.19,false
SO-00152,2025-12-13,West,partner,Widget,15,10.12,false
SO-00153,2025-12-31,West,online,Doohickey,19,27.49,true
SO-00154,2026-02-14,South,partner,Gadget,10,115.98,false
SO-00155,2026-01-19,East,retail,Sprocket,18,122.67,false
SO-00156,2025-04-07,South,retail,Widget,11,61.27,false
SO-00157,2025-10-16,West,partner,Doohickey,15,150.22,true
SO-00158,2025-02-22,South,partner,Widget,5,124.56,false
SO-00159,2025-04-03,South,retail,Widget,15,109.95,true
SO-00160,2025-02-21,South,online,Gadget,4,82.62,true
SO-00161,2025-06-24,West,partner,Gadget,7,139.90,false
SO-00162,2025-09-05,East,retail,Flange,1,133.03,false
SO-00163,2025-12-25,East,online,Flange,17,11.19,false
SO-00164,2025-04-07,East,retail,Sprocket,4,103.84,false
SO-00165,2025-09-18,East,retail,Widget,20,130.71,false
SO-00166,2026-01-28,East,partner,Gadget,12,113.27,false
SO-00167,2025-03-14,South,partner,Gadget,19,170.52,false
SO-00168,2026-02-02,North,online,Gadget,16,107.16,false
SO-00169,2025-06-18,North,retail,Doohickey,15,159.87,false
SO-00170,2026-01-09,South,online,Flange,18,101.94,true
SO-00171,2025-10-14,East,online,Doohickey,20,33.05,true
SO-00172,2025-05-28,East,online,Flange,12,150.89,false
SO-00173,2025-11-02,North,retail,Widget,13,38.97,false
SO-00174,2025-06-07,West,partner,Flange,1,35.27,false
SO-00175,2025-08-28,North,online,Flange,13,28.34,false
SO-00176,2025-03-30,East,partner,Gadget,9,49.99,false
SO-00177,2025-01-28,North,partner,Gadget,13,173.00,false
SO-00178,2025-02-22,West,retail,Sprocket,20,165.05,false
SO-00179,2026-01-24,West,retail,Sprocket,15,152.18,false
SO-00180,2025-08-11,North,partner,Widget,17,64.82,false
SO-00181,2025-08-10,West,online,Doohickey,2,58.92,false
SO-00182,2025-08-10,West,partner,Doohickey,10,159.81,true
SO-00183,2025-05-06,North,retail,Gadget,17,158.16,true
SO-00184,2025-09-01,North,partner,Gadget,18,60.68,false
SO-00185,2025-05-01,North,partner,Doohickey,18,80.48,false
SO-00186,2025-04-24,West,partner,Widget,3,24.95,false
SO-00187,2025-03-05,West,online,Doohickey,8,133.25,true
SO-00188,2025-06-16,South,online,Sprocket,15,148.26,false
SO-00189,2025-03-14,East,partner,Flange,8,15.89,true
SO-00190,2025-08-21,East,retail,Doohickey,16,32.64,false
SO-00191,2025-04-16,South,retail,Widget,7,62.33,false
SO-00192,2025-08-30,North,online,Flange,7,99.69,false
SO-00193,2025-04-09,North,partner,Widget,10,132.83,false
SO-00194,2025-05-21,West,partner,Gadget,11,127.70,false
SO-00195,2025-08-01,North,online,Gadget,10,28.75,false
SO-00196,2025-05-18,South,partner,Gadget,17,122.31,false
SO-00197,2025-07-10,North,partner,Flange,8,176.07,false
SO-00198,2025-12-08,South,retail,Gadget,3,87.59,true
SO-00199,2025-08-14,North,partner,Widget,1,111.15,false
SO-00200,2025-10-03,East,retail,Flange,3,36.30,false
SO-00201,2025-05-06,South,retail,Flange,1,40.05,false
SO-00202,2025-01-18,West,partner,Sprocket,1,167.83,false
SO-00203,2025-01-31,South,online,Flange,12,63.18,false
SO-00204,2026-02-05,North,partner,Doohickey,17,150.26,false
SO-00205,2026-01-17,South,partner,Gadget,4,112.59,false
SO-00206,2025-12-09,West,partner,Doohickey,8,52.66,false
SO-00207,2025-04-24,West,retail,Widget,7,110.65,true
SO-00208,2025-10-21,West,online,Doohickey,5,112.63,false
SO-00209,2025-09-12,West,partner,Sprocket,9,155.35,true
SO-00210,2025-02-07,North,online,Flange,18,107.67,false
SO-00211,2025-11-16,South,online,Doohickey,14,15.28,false
SO-00212,2026-02-24,East,partner,Sprocket,3,119.81,false
SO-00213,2025-03-29,West,retail,Gadget,6,93.46,false
SO-00214,2026-02-07,West,online,Doohickey,14,88.30,false
SO-00215,2025-12-27,North,online,Sprocket,20,177.62,false
SO-00216,2026-01-17,West,partner,Widget,1,49.39,false
SO-00217,2025-03-14,North,retail,Flange,10,89.17,true
SO-00218,2025-01-18,South,retail,Doohickey,4,102.92,false
SO-00219,2025-08-03,West,online,Gadget,12,61.11,false
SO-00220,2025-04-22,North,online,Sprocket,19,119.76,true
SO-00221,2026-01-13,East,partner,Flange,6,87.57,false
SO-00222,2025-04-20,West,retail,Widget,7,79.98,false
SO-00223,2025-04-05,South,retail,Gadget,13,44.89,false
SO-00224,2026-01-24,East,retail,Sprocket,16,178.85,false
SO-00225,2025-09-07,South,partner,Sprocket,14,20.52,false
SO-00226,2025-07-05,East,partner,Widget,17,39.31,false
SO-00227,2025-09-20,West,partner,Gadget,9,25.79,true
SO-00228,2025-03-20,East,online,Gadget,4,11.51,false
SO-00229,2025-07-16,West,online,Sprocket,11,52.08,false
SO-00230,2025-12-09,North,retail,Sprocket,20,48.99,true
SO-00231,2025-04-07,South,partner,Flange,5,13.47,false
SO-00232,2025-07-30,West,retail,Flange,5,96.92,false
SO-00233,2025-05-14,East,partner,Sprocket,13,33.32,false
SO-00234,2025-05-24,West,retail,Gadget,13,96.89,false
SO-00235,2025-04-26,North,retail,Doohickey,12,113.15,false
SO-00236,2025-01-21,North,partner,Sprocket,19,9.95,false
SO-00237,2025-12-05,North,online,Flange,12,122.65,false
SO-00238,2025-05-01,East,online,Sprocket,4,75.50,true
SO-00239,2025-09-08,West,retail,Doohickey,16,128.97,false
SO-00240,2025-03-23,West,online,Sprocket,6,68.32,false
SO-00241,2025-09-24,North,partner,Doohickey,14,146.32,false
SO-00242,2025-10-26,East,partner,Flange,10,128.43,true
SO-00243,2025-07-20,North,retail,Widget,13,54.78,false
SO-00244,2025-09-11,East,retail,Doohickey,9,20.43,true
SO-00245,2025-06-27,East,retail,Flange,10,53.05,false
SO-00246,2025-11-25,West,retail,Flange,11,172.20,false
SO-00247,2025-01-16,South,online,Widget,20,101.37,false
SO-00248,2025-08-01,North,retail,Widget,15,159.31,false
SO-00249,2025-07-17,North,online,Flange,9,61.08,false
SO-00250,2025-08-31,North,online,Flange,7,54.40,false
SO-00251,2025-12-15,South,online,Flange,1,167.35,false
SO-00252,2025-01-02,South,partner,Sprocket,18,21.60,false
SO-00253,2025-12-20,East,retail,Doohickey,4,160.45,false
SO-00254,2026-02-17,South,partner,Sprocket,6,173.79,false
SO-00255,2025-03-23,East,partner,Sprocket,19,58.51,false
SO-00256,2025-05-27,East,partner,Flange,16,48.77,false
SO-00257,2025-07-05,East,partner,Gadget,17,134.85,true
SO-00258,2025-02-05,North,partner,Doohickey,4,154.02,false
SO-00259,2026-01-31,West,online,Gadget,20,157.00,false
SO-00260,2025-01-28,East,retail,Sprocket,17,135.19,false
SO-00261,2025-05-10,East,retail,Doohickey,6,65.42,false
SO-00262,2025-10-16,South,partner,Sprocket,5,115.15,false
SO-00263,2026-02-15,South,online,Gadget,13,114.84,false
SO-00264,2025-04-29,South,online,Sprocket,19,127.34,false
SO-00265,2025-05-18,East,retail,Doohickey,13,74.51,false
SO-00266,2025-01-25,South,partner,Widget,2,41.33,false
SO-00267,2026-01-10,North,retail,Doohickey,1,151.24,false
SO-00268,2025-03-29,East,online,Doohickey,15,145.68,false
SO-00269,2025-04-25,West,partner,Flange,14,139.64,false
SO-00270,2025-07-19,South,partner,Doohickey,5,84.07,true
SO-00271,2025-10-12,East,retail,Sprocket,4,34.12,true
SO-00272,2025-05-19,South,retail,Sprocket,9,63.41,true
SO-00273,2025-09-04,South,retail,Flange,9,104.14,false
SO-00274,2025-02-02,North,retail,Widget,1,39.39,false
SO-00275,2025-03-13,South,retail,Sprocket,2,79.31,false
SO-00276,2025-07-22,North,online,Flange,20,120.98,false
SO-00277,2025-05-10,East,online,Doohickey,8,179.02,false
SO-00278,2025-10-20,North,online,Widget,6,100.71,true
SO-00279,2025-05-19,East,online,Flange,10,18.83,false
SO-00280,2025-01-06,South,online,Doohickey,1,139.90,false
SO-00281,2026-02-19,South,partner,Sprocket,13,60.97,false
SO-00282,2025-12-07,North,retail,Sprocket,14,51.08,false
SO-00283,2025-01-13,North,partner,Gadget,8,63.66,false
SO-00284,2025-09-17,East,retail,Sprocket,12,61.69,true
SO-00285,2025-12-01,East,partner,Widget,9,65.59,false
SO-00286,2025-04-19,North,partner,Gadget,18,60.37,false
SO-00287,2025-04-01,East,online,Gadget,5,72.12,false
SO-00288,2025-08-09,North,online,Sprocket,17,16.98,true
SO-00289,2025-06-14,South,online,Gadget,11,19.44,false
SO-00290,2025-02-25,East,retail,Sprocket,8,93.88,false
SO-00291,2026-02-21,East,online,Sprocket,11,159.61,false
SO-00292,2025-09-26,North,online,Sprocket,2,44.51,false
SO-00293,2025-06-26,West,partner,Sprocket,17,174.73,true
SO-00294,2025-03-04,West,retail,Sprocket,14,151.90,false
SO-00295,2025-04-28,West,partner,Flange,19,15.32,true
SO-00296,2025-09-28,West,retail,Doohickey,19,15.94,true
SO-00297,2025-06-16,South,partner,Sprocket,11,178.77,false
SO-00298,2025-06-10,South,partner,Sprocket,18,77.16,false
SO-00299,2026-01-21,West,online,Gadget,6,152.52,false
SO-00300,2025-02-28,North,partner,Doohickey,9,19.15,true
SO-00301,2025-12-31,East,retail,Flange,12,86.10,false
SO-00302,2025-01-08,West,online,Sprocket,9,173.42,false
SO-00303,2025-02-07,North,partner,Sprocket,16,158.81,true
SO-00304,2026-02-14,West,online,Flange,3,145.04,false
SO-00305,2026-02-20,East,online,Widget,11,14.33,false
SO-00306,2025-04-23,East,online,Sprocket,6,113.67,true
SO-00307,2025-12-16,West,retail,Widget,3,177.91,false
SO-00308,2025-09-30,East,partner,Gadget,18,122.96,false
SO-00309,2025-07-13,North,retail,Doohickey,9,121.22,false
SO-00310,2025-12-22,South,online,Gadget,6,127.33,false
SO-00311,2025-01-22,South,retail,Widget,9,169.86,false
SO-00312,2025-11-15,East,retail,Gadget,1,179.11,false
SO-00313,2026-01-12,East,retail,Sprocket,7,33.16,false
SO-00314,2025-08-06,East,partner,Sprocket,9,86.57,false
SO-00315,2025-03-05,North,retail,Flange,14,48.43,false
SO-00316,2025-03-02,East,online,Doohickey,3,124.39,false
SO-00317,2025-04-26,West,retail,Gadget,14,111.42,false
SO-00318,2025-11-24,North,retail,Sprocket,11,56.38,false
SO-00319,2025-12-04,East,retail,Widget,20,50.09,false
SO-00320,2025-07-11,South,partner,Doohickey,13,80.35,false
SO-00321,2025-02-22,North,partner,Widget,15,162.20,true
SO-00322,2026-02-09,East,online,Doohickey,1,132.37,false
SO-00323,2026-02-22,North,partner,Gadget,16,20.48,false
SO-00324,2025-08-26,East,retail,Flange,2,174.91,true
SO-00325,2026-02-09,West,retail,Gadget,18,128.58,true
SO-00326,2025-02-04,West,partner,Sprocket,7,97.07,false
SO-00327,2025-04-18,West,retail,Gadget,17,75.88,true
SO-00328,2025-01-02,South,partner,Flange,9,122.10,false
SO-00329,2026-02-02,North,retail,Sprocket,5,10.72,false
SO-00330,2025-01-13,North,retail,Sprocket,18,104.51,true
SO-00331,2026-02-02,North,retail,Flange,19,29.43,false
SO-00332,2025-05-02,South,partner,Widget,17,96.10,false
SO-00333,2025-06-30,South,online,Flange,14,88.22,false
SO-00334,2025-10-29,West,online,Flange,4,87.01,true
SO-00335,2026-02-19,South,online,Flange,17,37.87,false
SO-00336,2025-11-10,North,retail,Widget,8,34.44,true
SO-00337,2026-01-12,West,online,Doohickey,17,114.40,false
SO-00338,2025-02-26,West,retail,Flange,2,75.04,false
SO-00339,2025-02-10,South,retail,Flange,4,121.03,false
SO-00340,2025-06-18,West,online,Flange,5,105.68,false
SO-00341,2025-02-19,West,partner,Doohickey,9,135.16,false
SO-00342,2025-04-23,East,online,Sprocket,16,74.16,false
SO-00343,2025-06-20,West,online,Widget,10,151.73,true
SO-00344,2025-03-25,West,partner,Doohickey,13,148.81,true
SO-00345,2026-01-01,East,online,Doohickey,12,91.25,false
SO-00346,2025-09-24,West,partner,Widget,12,77.94,true
SO-00347,2025-01-04,East,online,Doohickey,20,127.33,false
SO-00348,2025-04-18,North,retail,Gadget,16,28.28,false
SO-00349,2025-01-28,North,online,Doohickey,19,54.46,false
SO-00350,2025-11-28,East,retail,Widget,10,106.42,true
SO-00351,2025-02-13,West,online,Doohickey,11,13.60,false
SO-00352,2026-02-24,South,retail,Doohickey,2,179.95,false
SO-00353,2025-01-25,West,partner,Widget,18,31.82,false
SO-00354,2025-11-24,North,partner,Gadget,19,102.06,false
SO-00355,2025-08-03,East,partner,Widget,6,142.40,false
SO-00356,2025-12-17,South,retail,Sprocket,14,145.80,false
SO-00357,2025-06-13,North,online,Doohickey,18,130.46,true
SO-00358,2025-07-23,East,partner,Flange,4,166.63,false
SO-00359,2025-02-19,West,retail,Flange,5,152.35,true
SO-00360,2025-03-21,East,retail,Sprocket,2,162.22,false
SO-00361,2025-04-13,West,retail,Sprocket,13,95.98,false
SO-00362,2025-02-23,South,partner,Doohickey,7,10.53,false
SO-00363,2025-11-30,East,retail,Flange,17,125.60,false
SO-00364,2025-10-22,West,retail,Flange,5,90.64,false
SO-00365,2025-06-17,North,partner,Sprocket,8,116.77,false
SO-00366,2026-01-09,West,partner,Widget,9,166.53,false
SO-00367,2025-07-13,South,partner,Gadget,14,164.19,true
SO-00368,2025-10-14,South,retail,Flange,15,74.52,true
SO-00369,2025-04-29,South,partner,Widget,10,94.11,false
SO-00370,2025-01-18,East,partner,Gadget,18,92.32,false
SO-00371,2025-03-19,West,retail,Doohickey,4,50.49,false
SO-00372,2025-04-22,South,partner,Flange,12,28.78,false
SO-00373,2025-10-26,South,retail,Doohickey,12,26.74,false
SO-00374,2025-11-08,East,online,Gadget,12,11.50,false
SO-00375,2025-05-10,East,retail,Doohickey,18,30.63,false
SO-00376,2025-02-08,East,online,Doohickey,9,170.27,false
SO-00377,2025-07-19,South,partner,Gadget,20,23.37,false
SO-00378,2025-10-01,East,retail,Widget,14,169.10,false
SO-00379,2025-11-30,South,retail,Sprocket,12,67.45,false
SO-00380,2025-11-24,East,partner,Doohickey,8,20.96,false
SO-00381,2025-02-26,North,retail,Widget,4,168.56,true
SO-00382,2025-04-10,East,retail,Doohickey,5,18.57,true
SO-00383,2025-03-14,North,retail,Flange,5,177.04,false
SO-00384,2025-10-05,North,retail,Flange,6,22.80,false
SO-00385,2025-11-10,West,online,Widget,14,32.00,false
SO-00386,2025-02-10,West,online,Flange,18,23.32,false
SO-00387,2025-05-12,East,online,Doohickey,5,175.88,false
SO-00388,2025-08-07,North,partner,Sprocket,19,179.41,false
SO-00389,2025-11-10,East,online,Widget,17,35.03,true
SO-00390,2025-02-25,North,retail,Doohickey,1,79.24,false
SO-00391,2025-04-06,North,online,Doohickey,3,172.81,false
SO-00392,2025-07-22,South,retail,Doohickey,11,45.72,false
SO-00393,2025-01-08,South,retail,Widget,19,71.59,false
SO-00394,2025-09-24,East,retail,Gadget,14,38.22,false
SO-00395,2025-04-19,East,retail,Sprocket,8,142.79,false
SO-00396,2025-04-05,South,partner,Flange,9,110.43,false
SO-00397,2025-05-11,North,online,Doohickey,8,19.31,false
SO-00398,2025-06-18,South,partner,Widget,8,100.89,true
SO-00399,2025-12-17,South,retail,Gadget,2,79.27,false
SO-00400,2025-07-09,East,online,Widget,13,180.00,false
SO-00401,2026-02-09,South,retail,Gadget,13,163.95,false
SO-00402,2025-10-31,North,retail,Widget,2,93.82,false
SO-00403,2025-02-03,West,online,Gadget,3,43.36,false
SO-00404,2025-04-26,East,retail,Gadget,5,32.38,false
SO-00405,2025-01-22,South,online,Gadget,8,159.80,false
SO-00406,2025-07-08,East,partner,Widget,9,33.19,true
SO-00407,2025-04-05,East,partner,Widget,4,60.80,false
SO-00408,2025-10-26,North,retail,Flange,17,100.93,false
SO-00409,2025-08-15,East,online,Widget,8,10.84,false
SO-00410,2026-01-25,South,online,Doohickey,19,26.03,false
SO-00411,2026-02-10,West,retail,Flange,16,87.99,false
SO-00412,2025-03-17,West,partner,Widget,15,139.18,false
SO-00413,2025-10-06,North,retail,Gadget,2,37.76,false
SO-00414,2025-01-11,North,online,Sprocket,16,113.30,true
SO-00415,2025-08-27,North,online,Doohickey,1,36.61,true
SO-00416,2025-06-22,East,partner,Flange,12,126.29,false
SO-00417,2025-11-16,East,online,Doohickey,5,160.03,false
SO-00418,2025-11-10,West,retail,Flange,19,87.18,false
SO-00419,2025-09-09,South,partner,Flange,6,88.56,false
SO-00420,2025-05-28,South,partner,Doohickey,8,103.45,false
SO-00421,2025-03-22,East,retail,Widget,1,67.70,false
SO-00422,2025-02-27,West,partner,Flange,13,125.93,false
SO-00423,2025-07-25,East,retail,Flange,19,87.51,true
SO-00424,2025-06-13,West,partner,Sprocket,2,118.30,true
SO-00425,2025-05-24,West,online,Widget,9,145.59,false
SO-00426,2025-10-26,West,online,Doohickey,7,163.29,false
SO-00427,2025-02-22,West,retail,Flange,2,170.69,false
SO-00428,2025-09-04,South,retail,Doohickey,17,94.51,false
SO-00429,2025-11-28,South,partner,Sprocket,10,176.33,false
SO-00430,2025-12-17,South,partner,Doohickey,10,145.82,false
SO-00431,2025-03-02,West,retail,Gadget,2,166.16,true
SO-00432,2025-09-20,East,retail,Flange,13,168.39,true
SO-00433,2025-12-08,South,online,Doohickey,10,157.87,false
SO-00434,2025-05-11,South,partner,Doohickey,20,119.63,true
SO-00435,2025-08-12,West,retail,Widget,19,53.48,false
SO-00436,2025-11-24,West,online,Sprocket,12,14.72,false
SO-00437,2025-09-13,South,online,Flange,4,127.45,false
SO-00438,2025-08-09,East,retail,Doohickey,6,12.63,false
SO-00439,2025-12-18,North,retail,Doohickey,2,164.78,false
SO-00440,2025-09-30,East,retail,Widget,11,26.77,false
SO-00441,2025-09-25,West,online,Widget,4,156.35,false
SO-00442,2025-01-26,West,partner,Flange,8,57.59,false
SO-00443,2025-07-06,South,retail,Doohickey,13,20.03,true
SO-00444,2025-07-01,East,partner,Flange,14,45.06,false
SO-00445,2026-02-09,West,online,Widget,14,82.47,false
SO-00446,2026-01-26,East,partner,Flange,14,179.54,false
SO-00447,2025-02-14,South,online,Widget,20,33.86,false
SO-00448,2025-05-20,East,retail,Widget,2,86.54,false
SO-00449,2025-02-24,West,online,Doohickey,2,102.67,true
SO-00450,2025-05-18,West,partner,Flange,15,157.37,false
SO-00451,2025-09-13,South,retail,Gadget,20,78.32,true
SO-00452,2025-12-30,South,online,Widget,19,89.47,true
SO-00453,2025-07-16,North,partner,Sprocket,15,114.48,false
SO-00454,2025-05-06,West,partner,Doohickey,4,65.74,true
SO-00455,2025-04-24,West,partner,Sprocket,7,52.28,true
SO-00456,2025-12-29,East,retail,Gadget,12,121.98,false
SO-00457,2025-08-20,West,retail,Gadget,20,12.01,false
SO-00458,2025-11-15,North,retail,Sprocket,18,86.20,false
SO-00459,2025-12-14,West,partner,Widget,8,58.96,false
SO-00460,2025-11-03,West,retail,Gadget,10,46.87,true
SO-00461,2025-10-04,East,partner,Sprocket,1,152.46,false
SO-00462,2026-01-28,West,retail,Widget,20,73.32,false
SO-00463,2025-06-03,South,partner,Sprocket,2,93.68,true
SO-00464,2026-02-25,South,partner,Sprocket,3,109.54,false
SO-00465,2026-01-18,East,partner,Sprocket,9,52.07,false
SO-00466,2025-07-28,South,online,Gadget,19,63.86,false
SO-00467,2025-01-12,East,partner,Doohickey,17,171.95,false
SO-00468,2025-03-27,West,partner,Sprocket,10,163.86,false
SO-00469,2025-12-13,South,online,Flange,2,87.18,false
SO-00470,2025-10-13,West,partner,Widget,10,68.65,true
SO-00471,2025-02-08,North,retail,Flange,6,126.72,false
SO-00472,2025-07-14,East,online,Doohickey,19,100.42,true
SO-00473,2025-10-04,East,retail,Sprocket,5,143.58,false
SO-00474,2025-05-08,South,online,Widget,4,164.61,true
SO-00475,2026-01-14,South,retail,Widget,16,17.90,false
SO-00476,2025-01-15,East,retail,Gadget,20,128.99,false
SO-00477,2025-06-22,South,retail,Doohickey,1,84.00,false
SO-00478,2025-05-25,East,online,Flange,8,111.54,false
SO-00479,2025-03-18,East,retail,Sprocket,6,150.36,false
SO-00480,2025-12-13,South,retail,Doohickey,20,129.50,false
SO-00481,2026-01-30,East,online,Sprocket,12,18.17,false
SO-00482,2026-01-03,North,partner,Widget,18,169.86,true
SO-00483,2025-02-18,East,online,Flange,12,139.01,false
SO-00484,2025-11-04,West,online,Widget,14,11.60,false
SO-00485,2025-04-01,East,online,Gadget,11,17.24,false
SO-00486,2025-04-24,North,retail,Gadget,12,8.60,false
SO-00487,2025-06-03,East,online,Widget,12,61.39,false
SO-00488,2025-03-30,East,online,Widget,6,153.52,false
SO-00489,2025-12-13,South,retail,Flange,20,145.53,false
SO-00490,2025-12-21,South,retail,Sprocket,12,94.71,false
SO-00491,2025-08-16,South,retail,Widget,10,59.78,true
SO-00492,2025-11-28,North,partner,Sprocket,10,97.75,false
SO-00493,2025-10-13,West,partner,Doohickey,15,23.57,false
SO-00494,2025-10-11,South,partner,Gadget,3,26.84,false
SO-00495,2025-06-21,West,partner,Flange,10,14.69,false
SO-00496,2025-09-22,East,online,Flange,4,10.30,false
SO-00497,2026-02-13,West,partner,Widget,15,104.73,false
SO-00498,2025-10-30,North,partner,Gadget,3,87.81,false
SO-00499,2025-12-12,West,online,Sprocket,18,147.73,false
SO-00500,2025-11-20,North,online,Gadget,7,111.89,false
SO-00501,2026-01-26,East,retail,Gadget,18,97.98,false
SO-00502,2025-05-15,South,partner,Gadget,6,17.84,true
SO-00503,2026-01-07,South,online,Widget,6,160.47,false
SO-00504,2026-02-17,East,partner,Gadget,11,117.24,false
SO-00505,2025-01-04,North,partner,Doohickey,13,159.18,false
SO-00506,2025-07-18,South,retail,Sprocket,2,49.27,false
SO-00507,2025-05-19,South,partner,Widget,3,51.30,false
SO-00508,2025-07-15,East,partner,Widget,13,168.84,false
SO-00509,2025-09-10,North,online,Sprocket,16,109.16,true
SO-00510,2025-09-29,East,online,Widget,1,69.88,false
SO-00511,2025-07-10,East,retail,Gadget,19,118.65,false
SO-00512,2025-04-03,South,partner,Widget,16,121.20,false
SO-00513,2025-11-17,South,retail,Gadget,16,132.63,true
SO-00514,2025-10-05,North,online,Gadget,13,88.46,false
SO-00515,2025-11-14,West,partner,Gadget,12,132.25,true
SO-00516,2025-06-29,North,online,Doohickey,6,113.81,true
SO-00517,2025-05-04,West,online,Widget,2,31.86,false
SO-00518,2025-11-05,North,partner,Widget,8,57.31,false
SO-00519,2025-08-19,North,retail,Gadget,3,118.14,false
SO-00520,2025-02-06,South,partner,Sprocket,14,33.73,false
SO-00521,2026-01-18,North,retail,Widget,16,60.88,false
SO-00522,2025-01-15,South,retail,Widget,14,160.69,false
SO-00523,2025-07-20,East,partner,Doohickey,5,35.60,false
SO-00524,2025-12-28,North,partner,Widget,9,56.93,false
SO-00525,2025-05-06,North,partner,Gadget,13,156.80,false
SO-00526,2026-01-27,East,online,Flange,4,135.36,false
SO-00527,2025-10-30,East,online,Sprocket,9,173.18,false
SO-00528,2025-05-13,West,retail,Flange,3,30.64,true
SO-00529,2025-08-11,East,online,Doohickey,20,74.97,false
SO-00530,2025-08-18,North,retail,Gadget,12,95.06,false
SO-00531,2025-04-08,East,online,Sprocket,18,112.53,true
SO-00532,2025-02-28,North,partner,Widget,11,118.31,false
SO-00533,2025-09-17,North,online,Sprocket,8,145.83,false
SO-00534,2026-01-05,West,retail,Sprocket,9,62.65,false
SO-00535,2025-05-04,East,partner,Sprocket,18,125.91,false
SO-00536,2026-02-05,South,online,Flange,20,35.88,true
SO-00537,2025-08-04,West,online,Flange,7,106.44,false
SO-00538,2025-11-27,North,retail,Widget,2,31.92,false
SO-00539,2025-12-17,East,partner,Sprocket,12,169.84,true
SO-00540,2025-11-25,North,retail,Gadget,4,13.12,false
SO-00541,2025-02-02,South,partner,Doohickey,5,24.03,false
SO-00542,2025-03-03,East,partner,Doohickey,14,103.31,false
SO-00543,2025-05-04,North,partner,Flange,11,57.36,false
SO-00544,2025-11-21,West,retail,Gadget,1,83.92,false
SO-00545,2025-09-04,South,partner,Doohickey,2,100.70,false
SO-00546,2025-11-07,East,partner,Widget,10,20.70,false
SO-00547,2025-09-16,West,retail,Sprocket,16,167.86,false
SO-00548,2025-07-02,North,online,Widget,13,99.75,false
SO-00549,2025-08-16,South,partner,Sprocket,4,111.56,false
SO-00550,2025-08-16,East,retail,Doohickey,13,160.80,false
SO-00551,2026-01-08,North,online,Gadget,16,32.47,false
SO-00552,2025-03-11,North,partner,Widget,19,124.12,false
SO-00553,2025-06-20,West,online,Flange,2,56.38,true
SO-00554,2025-06-21,South,retail,Widget,4,103.08,false
SO-00555,2025-08-29,West,online,Widget,20,38.70,false
SO-00556,2025-06-04,East,retail,Gadget,3,80.10,false
SO-00557,2025-08-23,South,retail,Widget,14,163.40,true
SO-00558,2026-02-23,South,online,Flange,17,171.41,false
SO-00559,2025-05-08,South,partner,Flange,11,158.45,false
SO-00560,2026-01-16,East,online,Doohickey,14,157.41,false
SO-00561,2025-08-26,North,online,Flange,4,47.75,false
SO-00562,2025-08-04,West,partner,Sprocket,12,42.13,true
SO-00563,2025-04-01,South,partner,Flange,8,30.13,false
SO-00564,2025-11-03,West,retail,Gadget,12,164.71,false
SO-00565,2025-03-05,East,retail,Sprocket,12,104.48,false
SO-00566,2026-02-14,South,retail,Sprocket,2,51.21,false
SO-00567,2025-10-19,North,online,Doohickey,19,73.07,true
SO-00568,2025-12-25,South,partner,Flange,3,99.88,false
SO-00569,2025-04-26,North,online,Doohickey,16,170.10,false
SO-00570,2025-08-06,East,retail,Sprocket,1,44.02,false
SO-00571,2026-02-15,East,retail,Gadget,1,28.62,true
SO-00572,2025-02-12,North,online,Sprocket,15,110.97,false
SO-00573,2025-06-13,North,partner,Sprocket,15,68.82,false
SO-00574,2025-07-04,North,online,Doohickey,3,38.32,true
SO-00575,2025-09-15,North,online,Sprocket,20,34.88,false
SO-00576,2025-10-23,East,retail,Widget,15,119.07,false
SO-00577,2025-03-09,East,partner,Widget,6,97.28,false
SO-00578,2026-02-17,West,online,Gadget,2,156.19,false
SO-00579,2025-02-28,West,online,Sprocket,6,105.08,false
SO-00580,2025-11-18,East,online,Doohickey,14,8.20,false
SO-00581,2025-07-13,North,online,Widget,12,53.96,false
SO-00582,2026-01-24,South,retail,Doohickey,17,120.54,false
SO-00583,2025-08-25,North,retail,Widget,15,26.36,false
SO-00584,2025-11-02,South,partner,Flange,18,108.05,true
SO-00585,2025-04-20,West,partner,Gadget,16,150.05,false
SO-00586,2025-04-02,West,partner,Gadget,4,70.87,false
SO-00587,2025-04-29,North,online,Sprocket,5,164.19,true
SO-00588,2025-05-04,East,partner,Flange,12,83.17,false
SO-00589,2025-01-14,West,retail,Sprocket,17,125.87,false
SO-00590,2025-10-18,South,online,Widget,17,74.56,false
SO-00591,2025-01-17,North,retail,Gadget,12,13.19,false
SO-00592,2025-04-25,East,online,Doohickey,5,18.13,false
SO-00593,2025-07-15,East,online,Gadget,4,66.69,false
SO-00594,2026-01-27,South,online,Widget,7,40.50,false
SO-00595,2025-08-29,North,partner,Doohickey,2,85.73,false
SO-00596,2025-02-15,West,online,Doohickey,3,166.24,false
SO-00597,2025-06-25,North,online,Doohickey,7,167.94,false
SO-00598,2025-03-04,West,retail,Sprocket,3,152.34,false
SO-00599,2025-04-15,North,retail,Flange,2,16.71,false
SO-00600,2025-05-30,West,retail,Widget,20,155.26,false
SO-00601,2025-02-06,West,online,Sprocket,20,66.56,false
SO-00602,2025-09-13,North,online,Doohickey,14,54.51,false
SO-00603,2025-07-24,East,retail,Widget,15,123.99,false
SO-00604,2025-10-25,West,retail,Widget,9,115.08,true
SO-00605,2025-06-01,East,online,Widget,8,13.08,false
SO-00606,2025-11-01,North,partner,Widget,12,9.29,false
SO-00607,2025-09-27,South,online,Sprocket,4,77.12,false
SO-00608,2025-12-01,West,online,Doohickey,13,137.21,false
SO-00609,2025-07-19,South,partner,Doohickey,15,172.81,false
SO-00610,2025-09-26,North,partner,Flange,20,104.10,true
SO-00611,2025-11-03,West,online,Sprocket,1,171.12,false
SO-00612,2025-10-16,East,online,Sprocket,4,134.49,false
SO-00613,2026-02-24,West,online,Doohickey,8,161.80,false
SO-00614,2025-12-21,East,online,Sprocket,15,133.81,true
SO-00615,2025-10-29,North,online,Sprocket,16,50.77,false
SO-00616,2025-02-23,West,retail,Widget,15,29.61,false
SO-00617,2025-12-11,North,online,Doohickey,13,78.57,false
SO-00618,2025-09-26,West,online,Flange,10,169.72,false
SO-00619,2025-04-27,South,online,Sprocket,16,112.29,false
SO-00620,2025-12-03,East,retail,Widget,5,23.62,false
SO-00621,2026-01-10,North,partner,Gadget,4,49.69,true
SO-00622,2025-05-15,North,retail,Doohickey,19,89.29,false
SO-00623,2026-01-28,East,partner,Flange,11,135.60,false
SO-00624,2025-03-17,East,online,Gadget,8,135.99,true
SO-00625,2025-01-20,West,partner,Doohickey,19,125.05,true
SO-00626,2025-01-23,West,online,Flange,16,16.17,false
SO-00627,2025-12-18,West,partner,Gadget,11,127.31,false
SO-00628,2025-01-31,North,retail,Sprocket,15,170.23,false
SO-00629,2025-08-20,West,partner,Flange,4,34.88,false
SO-00630,2025-05-06,South,online,Gadget,14,149.07,false
SO-00631,2025-03-10,North,partner,Flange,6,133.86,false
SO-00632,2025-03-31,East,online,Doohickey,3,68.00,true
SO-00633,2025-12-15,North,partner,Sprocket,20,91.40,true
SO-00634,2026-02-21,West,retail,Widget,20,113.66,false
SO-00635,2025-11-10,East,retail,Widget,1,118.94,false
SO-00636,2025-11-16,West,retail,Flange,7,154.67,false
SO-00637,2025-04-18,West,partner,Sprocket,1,103.31,false
SO-00638,2025-02-01,West,retail,Doohickey,3,126.80,true
SO-00639,2025-10-22,East,partner,Sprocket,4,23.77,false
SO-00640,2025-08-05,East,online,Doohickey,20,176.10,false
SO-00641,2025-10-23,East,online,Doohickey,1,98.04,false
SO-00642,2025-12-19,East,retail,Sprocket,17,113.17,false
SO-00643,2025-07-03,North,retail,Doohickey,10,171.75,false
SO-00644,2025-03-10,East,partner,Sprocket,2,67.62,false
SO-00645,2026-01-18,North,partner,Flange,6,150.07,true
SO-00646,2025-11-16,West,partner,Sprocket,5,73.92,false
SO-00647,2025-09-19,East,online,Sprocket,13,149.39,true
SO-00648,2025-05-13,North,online,Gadget,10,86.08,false
SO-00649,2025-06-13,South,partner,Doohickey,12,23.44,false
SO-00650,2026-02-19,North,retail,Widget,17,171.18,false
SO-00651,2025-04-25,North,online,Widget,16,155.45,false
SO-00652,2025-01-15,West,partner,Doohickey,2,119.73,true
SO-00653,2025-08-28,North,retail,Gadget,14,64.63,false
SO-00654,2025-03-06,West,partner,Flange,9,156.54,false
SO-00655,2025-06-28,North,retail,Doohickey,7,40.73,true
SO-00656,2025-02-21,North,partner,Sprocket,2,89.27,true
SO-00657,2025-12-28,East,partner,Sprocket,10,54.73,true
SO-00658,2025-04-24,North,online,Widget,6,92.92,false
SO-00659,2025-07-31,East,partner,Doohickey,10,150.27,false
SO-00660,2025-08-09,North,retail,Widget,12,112.81,false
SO-00661,2025-01-26,South,partner,Gadget,8,63.45,false
SO-00662,2025-05-06,East,online,Flange,16,165.50,false
SO-00663,2025-10-05,West,online,Doohickey,7,19.52,false
SO-00664,2025-12-16,North,online,Doohickey,3,157.10,true
SO-00665,2025-04-15,West,online,Flange,8,24.59,false
SO-00666,2025-06-02,North,online,Sprocket,4,146.97,false
SO-00667,2025-08-14,North,online,Flange,13,149.70,false
SO-00668,2025-01-02,West,partner,Gadget,15,171.04,false
SO-00669,2025-04-25,South,online,Sprocket,10,46.43,true
SO-00670,2025-09-18,East,retail,Widget,17,28.75,false
SO-00671,2026-01-04,West,online,Gadget,3,132.88,false
SO-00672,2025-04-17,North,online,Gadget,16,22.37,false
SO-00673,2025-09-01,West,online,Widget,5,56.75,true
SO-00674,2025-11-01,East,partner,Flange,5,108.67,false
SO-00675,2025-03-15,West,retail,Flange,1,116.79,false
SO-00676,2025-12-16,West,online,Sprocket,7,62.54,false
SO-00677,2025-01-29,West,retail,Sprocket,15,177.66,false
SO-00678,2025-05-21,West,retail,Gadget,9,60.05,false
SO-00679,2025-02-02,South,partner,Flange,18,19.26,false
SO-00680,2025-02-11,West,retail,Gadget,3,154.80,false
SO-00681,2025-09-16,West,online,Widget,19,114.91,false
SO-00682,2025-12-15,West,partner,Widget,5,28.63,true
SO-00683,2025-12-01,West,online,Gadget,4,150.30,false
SO-00684,2025-02-07,West,partner,Gadget,9,165.62,false
SO-00685,2025-10-27,North,online,Gadget,12,82.22,false
SO-00686,2025-10-30,North,retail,Gadget,2,45.40,false
SO-00687,2025-07-29,South,retail,Gadget,7,10.73,true
SO-00688,2025-02-17,West,online,Widget,12,107.12,false
SO-00689,2025-04-06,South,partner,Flange,9,133.21,false
SO-00690,2025-05-29,East,online,Doohickey,7,161.40,false
SO-00691,2025-03-28,North,retail,Widget,10,134.24,true
SO-00692,2025-10-26,South,online,Widget,4,40.83,false
SO-00693,2026-01-22,West,retail,Gadget,12,160.24,true
SO-00694,2025-11-18,South,partner,Flange,8,115.07,false
SO-00695,2025-11-12,East,online,Sprocket,20,106.00,false
SO-00696,2025-11-25,West,online,Gadget,1,49.77,true
SO-00697,2025-08-11,South,partner,Doohickey,17,161.18,false
SO-00698,2025-01-19,South,partner,Flange,20,48.59,true
SO-00699,2025-10-22,West,retail,Widget,10,11.63,false
SO-00700,2025-09-23,West,retail,Gadget,20,22.67,false
SO-00701,2025-12-16,East,online,Widget,7,121.72,false
SO-00702,2025-09-26,South,partner,Flange,20,142.88,false
SO-00703,2025-11-10,South,retail,Flange,15,98.30,false
SO-00704,2025-04-21,East,partner,Widget,19,168.31,false
SO-00705,2025-11-12,East,partner,Gadget,10,61.03,false
SO-00706,2025-09-10,South,retail,Gadget,17,93.22,false
SO-00707,2025-11-15,South,retail,Sprocket,3,28.55,false
SO-00708,2025-10-30,South,retail,Sprocket,20,152.11,false
SO-00709,2025-07-05,East,online,Flange,2,81.60,false
SO-00710,2026-01-17,South,retail,Flange,20,69.59,false
SO-00711,2025-01-14,South,online,Gadget,6,105.43,false
SO-00712,2025-05-30,North,partner,Sprocket,1,102.41,false
SO-00713,2025-08-18,North,partner,Sprocket,6,155.11,false
SO-00714,2025-08-14,East,online,Flange,18,177.07,false
SO-00715,2025-01-02,West,retail,Gadget,20,125.44,false
SO-00716,2025-10-08,North,partner,Gadget,16,67.24,false
SO-00717,2025-03-23,West,online,Gadget,15,47.70,false
SO-00718,2025-11-04,East,retail,Flange,16,117.27,false
SO-00719,2025-05-02,East,retail,Doohickey,14,130.60,false
SO-00720,2025-09-12,East,partner,Flange,9,73.82,false
SO-00721,2025-07-21,West,retail,Flange,5,97.94,false
SO-00722,2025-08-11,South,online,Gadget,3,69.28,true
SO-00723,2025-01-08,North,retail,Widget,6,167.38,true
SO-00724,2025-08-25,North,online,Doohickey,1,125.73,false
SO-00725,2025-06-11,West,retail,Flange,8,109.61,true
SO-00726,2025-12-11,South,retail,Doohickey,12,90.50,true
SO-00727,2025-08-01,West,retail,Gadget,7,35.23,false
SO-00728,2025-05-20,South,partner,Widget,3,113.54,true
SO-00729,2025-04-06,East,partner,Sprocket,4,47.10,false
SO-00730,2025-05-15,North,retail,Gadget,16,86.30,false
SO-00731,2025-11-17,South,retail,Widget,4,155.11,true
SO-00732,2025-02-13,North,partner,Widget,7,161.58,false
SO-00733,2025-08-17,East,online,Sprocket,18,114.99,false
SO-00734,2026-01-03,South,partner,Sprocket,17,50.70,true
SO-00735,2025-03-07,North,partner,Gadget,6,115.35,false
SO-00736,2025-05-26,North,retail,Sprocket,15,52.48,true
SO-00737,2025-09-10,West,retail,Widget,13,121.28,false
SO-00738,2025-12-19,West,retail,Widget,17,152.03,false
SO-00739,2025-04-23,East,online,Sprocket,10,96.04,false
SO-00740,2025-08-23,East,retail,Widget,8,62.94,false
SO-00741,2025-08-09,West,partner,Doohickey,18,130.84,false
SO-00742,2025-09-09,East,retail,Sprocket,20,90.55,false
SO-00743,2025-03-21,North,retail,Gadget,5,136.96,false
SO-00744,2025-10-13,East,retail,Widget,16,122.01,true
SO-00745,2025-10-08,West,online,Sprocket,8,11.39,false
SO-00746,2026-01-28,South,retail,Flange,1,145.67,false
SO-00747,2025-04-05,South,online,Widget,7,57.44,false
SO-00748,2025-09-11,West,retail,Flange,19,119.04,false
SO-00749,2025-08-25,East,online,Widget,18,98.79,false
SO-00750,2025-02-22,North,partner,Doohickey,8,117.49,false
SO-00751,2025-10-09,West,partner,Doohickey,14,162.90,false
SO-00752,2025-06-05,North,online,Doohickey,15,61.96,false
SO-00753,2025-02-04,West,partner,Widget,18,147.16,false
SO-00754,2025-07-28,West,partner,Sprocket,17,120.05,false
SO-00755,2025-04-17,East,retail,Gadget,18,146.11,false
SO-00756,2025-07-06,East,online,Doohickey,16,100.65,false
SO-00757,2025-02-08,North,partner,Doohickey,1,120.58,false
SO-00758,2025-02-05,East,retail,Flange,20,151.39,false
SO-00759,2025-09-16,North,retail,Gadget,16,65.30,false
SO-00760,2025-12-06,South,retail,Doohickey,2,177.25,false
SO-00761,2025-10-28,West,retail,Sprocket,3,105.76,false
SO-00762,2025-09-25,East,partner,Flange,3,111.09,false
SO-00763,2025-12-14,West,online,Doohickey,15,47.46,false
SO-00764,2025-11-18,South,partner,Flange,9,51.95,false
SO-00765,2025-05-04,West,online,Doohickey,18,107.88,false
SO-00766,2026-01-19,East,online,Widget,13,12.66,false
SO-00767,2025-08-21,West,online,Flange,12,121.25,false
SO-00768,2025-12-15,East,partner,Gadget,7,171.74,false
SO-00769,2025-04-02,North,partner,Widget,5,59.83,false
SO-00770,2025-07-13,South,retail,Doohickey,12,49.79,false
SO-00771,2025-07-24,North,retail,Doohickey,9,130.49,false
SO-00772,2025-04-16,North,partner,Sprocket,9,165.14,false
SO-00773,2025-07-31,South,partner,Sprocket,3,12.78,false
SO-00774,2025-06-17,West,partner,Doohickey,1,174.68,false
SO-00775,2025-02-08,West,online,Sprocket,2,116.76,false
SO-00776,2025-12-08,East,online,Flange,5,79.11,false
SO-00777,2025-05-05,East,partner,Doohickey,11,67.93,false
SO-00778,2025-02-01,North,retail,Sprocket,3,115.02,false
SO-00779,2025-07-12,East,online,Gadget,14,57.34,true
SO-00780,2025-07-10,North,partner,Flange,6,123.81,false
SO-00781,2025-02-10,South,partner,Sprocket,6,59.11,false
SO-00782,2025-09-17,East,retail,Doohickey,1,126.51,true
SO-00783,2025-07-19,South,online,Sprocket,17,100.82,false
SO-00784,2025-12-31,North,retail,Doohickey,14,101.63,false
SO-00785,2025-11-04,South,retail,Widget,6,169.42,false
SO-00786,2025-08-15,North,online,Doohickey,19,27.40,false
SO-00787,2025-09-03,East,retail,Gadget,11,97.55,false
SO-00788,2025-06-23,West,retail,Widget,12,18.40,true
SO-00789,2025-07-17,East,partner,Widget,18,146.16,true
SO-00790,2025-10-23,West,partner,Sprocket,4,120.27,false
SO-00791,2025-08-19,South,retail,Sprocket,14,48.05,true
SO-00792,2025-12-27,South,partner,Flange,6,175.74,false
SO-00793,2025-06-19,West,retail,Sprocket,15,12.39,false
SO-00794,2025-03-28,East,partner,Gadget,3,95.19,false
SO-00795,2025-02-10,North,partner,Sprocket,10,95.88,false
SO-00796,2025-04-02,East,online,Sprocket,17,172.53,false
SO-00797,2025-12-30,West,partner,Gadget,16,171.72,false
SO-00798,2025-09-18,South,retail,Gadget,6,86.68,false
SO-00799,2025-04-06,South,retail,Widget,2,122.62,false
SO-00800,2026-01-09,West,retail,Gadget,4,119.64,false
SO-00801,2026-01-18,East,online,Doohickey,3,136.65,false
SO-00802,2025-01-29,North,online,Doohickey,6,13.90,false
SO-00803,2025-04-03,North,retail,Flange,4,116.25,false
SO-00804,2025-07-31,North,partner,Gadget,9,22.06,false
SO-00805,2025-12-26,South,retail,Sprocket,1,151.27,false
SO-00806,2025-01-19,South,retail,Gadget,15,54.10,true
SO-00807,2025-08-23,North,retail,Widget,19,148.24,false
SO-00808,2026-01-14,West,partner,Sprocket,1,87.43,false
SO-00809,2025-04-02,East,partner,Sprocket,5,54.71,false
SO-00810,2025-06-27,North,retail,Flange,15,114.60,false
SO-00811,2026-01-06,South,online,Sprocket,7,154.62,false
SO-00812,2026-01-12,East,partner,Widget,11,170.91,false
SO-00813,2026-02-07,North,partner,Doohickey,15,12.13,false
SO-00814,2025-04-15,North,retail,Sprocket,14,16.69,true
SO-00815,2025-11-28,North,retail,Flange,15,97.94,false
SO-00816,2025-03-07,South,partner,Gadget,19,91.11,false
SO-00817,2025-09-03,East,online,Flange,14,52.44,false
SO-00818,2025-11-01,West,partner,Flange,20,164.87,false
SO-00819,2026-02-10,East,retail,Widget,9,68.56,false
SO-00820,2025-03-07,South,online,Sprocket,17,146.72,false
SO-00821,2025-09-09,East,retail,Doohickey,2,49.67,false
SO-00822,2025-06-15,East,partner,Widget,14,176.59,false
SO-00823,2025-10-13,South,retail,Widget,10,89.41,false
SO-00824,2025-01-13,East,online,Flange,3,116.18,true
SO-00825,2025-08-27,South,partner,Flange,12,23.70,true
SO-00826,2025-09-17,North,online,Sprocket,19,157.00,false
SO-00827,2025-03-15,North,retail,Sprocket,13,57.70,false
SO-00828,2025-01-25,West,online,Widget,3,25.76,false
SO-00829,2025-04-23,South,partner,Flange,19,45.19,false
SO-00830,2025-06-29,South,partner,Doohickey,1,111.35,true
SO-00831,2025-02-13,West,partner,Doohickey,2,168.33,false
SO-00832,2025-08-14,South,retail,Sprocket,5,10.51,false
SO-00833,2025-07-02,North,retail,Gadget,13,95.43,false
SO-00834,2025-10-27,South,retail,Flange,10,75.52,true
SO-00835,2025-09-04,West,online,Gadget,13,58.04,true
SO-00836,2025-02-18,West,online,Sprocket,3,117.58,false
SO-00837,2025-11-10,South,retail,Gadget,18,51.73,false
SO-00838,2025-10-21,South,online,Flange,7,49.18,true
SO-00839,2025-10-05,South,retail,Gadget,10,125.13,false
SO-00840,2025-11-12,East,partner,Gadget,13,49.02,true
SO-00841,2025-05-11,North,retail,Flange,15,22.85,false
SO-00842,2025-05-23,South,retail,Flange,20,109.13,false
SO-00843,2025-07-16,West,retail,Gadget,10,140.32,false
SO-00844,2025-09-03,North,online,Sprocket,20,90.85,false
SO-00845,2026-01-11,West,online,Sprocket,15,68.78,false
SO-00846,2026-02-03,North,retail,Gadget,5,68.43,false
SO-00847,2026-02-21,West,retail,Widget,10,131.51,false
SO-00848,2025-09-02,West,online,Flange,17,164.31,false
SO-00849,2025-12-21,West,partner,Widget,16,166.02,false
SO-00850,2026-02-20,West,partner,Doohickey,17,59.61,false
SO-00851,2025-02-01,East,online,Doohickey,16,8.35,false
SO-00852,2025-04-01,West,retail,Sprocket,12,27.15,false
SO-00853,2025-06-18,North,partner,Flange,15,113.51,false
SO-00854,2025-03-24,East,partner,Sprocket,9,147.86,false
SO-00855,2026-02-17,North,online,Widget,8,72.88,false
SO-00856,2026-02-03,South,partner,Sprocket,6,132.26,false
SO-00857,2025-12-03,North,online,Widget,10,30.34,true
SO-00858,2026-01-21,West,retail,Flange,10,60.55,false
SO-00859,2026-02-10,South,partner,Widget,10,135.20,false
SO-00860,2026-01-07,East,retail,Widget,6,57.16,false
SO-00861,2025-11-09,East,retail,Gadget,2,22.91,false
SO-00862,2026-02-22,South,online,Flange,2,176.60,false
SO-00863,2025-02-12,North,online,Flange,20,134.63,false
SO-00864,2025-03-17,West,partner,Widget,17,22.14,false
SO-00865,2025-10-07,South,retail,Widget,8,104.99,false
SO-00866,2025-01-27,South,online,Flange,11,132.63,true
SO-00867,2025-02-16,North,retail,Gadget,14,167.37,false
SO-00868,2025-03-29,North,online,Widget,20,166.10,false
SO-00869,2025-09-21,East,online,Flange,20,152.92,false
SO-00870,2025-12-14,South,online,Sprocket,7,22.68,false
SO-00871,2025-04-25,North,partner,Doohickey,1,80.14,false
SO-00872,2025-03-06,North,retail,Gadget,17,89.38,true
SO-00873,2026-01-31,North,partner,Sprocket,5,21.14,false
SO-00874,2025-02-17,North,retail,Sprocket,17,101.65,false
SO-00875,2025-06-21,East,partner,Gadget,8,134.88,false
SO-00876,2025-01-22,South,online,Gadget,12,80.34,false
SO-00877,2025-11-12,South,retail,Gadget,19,155.81,false
SO-00878,2025-08-17,East,online,Sprocket,7,51.49,false
SO-00879,2025-01-15,East,online,Gadget,12,107.14,true
SO-00880,2025-04-22,South,retail,Gadget,5,126.07,true
SO-00881,2025-03-10,North,online,Widget,11,105.53,false
SO-00882,2025-04-02,North,online,Widget,1,168.95,false
SO-00883,2025-08-08,East,online,Doohickey,12,113.29,true
SO-00884,2025-10-19,South,retail,Doohickey,2,38.08,false
SO-00885,2025-02-27,East,retail,Doohickey,8,137.09,true
SO-00886,2025-03-06,East,partner,Doohickey,3,176.12,false
SO-00887,2025-11-22,South,partner,Widget,13,101.67,false
SO-00888,2025-05-23,South,partner,Flange,8,14.76,true
SO-00889,2025-11-10,North,online,Gadget,10,121.86,true
SO-00890,2025-12-15,East,retail,Flange,16,91.97,false
SO-00891,2025-12-29,North,retail,Flange,8,38.12,false
SO-00892,2026-01-08,East,partner,Widget,13,117.03,false
SO-00893,2026-02-23,West,online,Widget,9,139.60,false
SO-00894,2025-02-18,West,retail,Flange,20,29.75,false
SO-00895,2025-10-12,East,partner,Sprocket,15,178.51,false
SO-00896,2025-12-20,North,retail,Flange,6,69.20,false
SO-00897,2025-04-11,South,retail,Doohickey,16,143.96,false
SO-00898,2025-10-23,West,partner,Doohickey,12,148.34,false
SO-00899,2025-02-04,South,partner,Doohickey,7,34.54,true
SO-00900,2025-06-02,East,partner,Doohickey,19,83.38,true
SO-00901,2025-03-03,West,partner,Sprocket,15,138.10,false
SO-00902,2025-11-20,North,retail,Gadget,5,78.19,false
SO-00903,2025-11-26,West,partner,Flange,19,164.58,false
SO-00904,2026-01-11,West,partner,Widget,14,18.52,true
SO-00905,2025-03-15,East,online,Gadget,3,16.00,false
SO-00906,2025-06-22,East,online,Gadget,14,165.19,false
SO-00907,2025-01-26,North,partner,Doohickey,20,145.66,false
SO-00908,2025-09-17,South,retail,Doohickey,19,17.54,false
SO-00909,2025-08-22,East,retail,Widget,14,130.59,false
SO-00910,2026-01-24,North,retail,Flange,2,130.88,false
SO-00911,2025-12-13,South,retail,Flange,17,25.61,false
SO-00912,2025-03-26,West,partner,Sprocket,2,74.86,false
SO-00913,2025-04-17,South,online,Widget,3,164.11,false
SO-00914,2026-01-30,East,partner,Flange,9,113.97,true
SO-00915,2025-07-20,East,partner,Doohickey,3,172.99,true
SO-00916,2025-04-29,East,partner,Doohickey,1,21.52,false
SO-00917,2025-02-21,South,retail,Gadget,15,119.90,false
SO-00918,2025-07-01,South,retail,Gadget,12,111.08,true
SO-00919,2025-01-15,East,online,Flange,13,171.25,false
SO-00920,2026-01-01,North,retail,Flange,20,72.24,false
SO-00921,2025-05-21,East,online,Doohickey,3,92.73,false
SO-00922,2025-09-12,South,partner,Sprocket,7,139.82,true
SO-00923,2025-01-09,North,online,Sprocket,4,15.37,false
SO-00924,2025-02-09,South,partner,Widget,1,28.91,false
SO-00925,2025-11-25,South,partner,Gadget,1,159.18,true
SO-00926,2026-01-16,South,retail,Sprocket,17,153.25,false
SO-00927,2025-02-11,East,online,Flange,2,80.74,false
SO-00928,2025-08-14,North,online,Gadget,15,120.03,false
SO-00929,2025-09-05,West,retail,Gadget,1,83.96,true
SO-00930,2025-08-10,North,online,Widget,4,63.02,false
SO-00931,2025-04-16,South,partner,Gadget,2,164.51,true
SO-00932,2026-02-12,East,retail,Flange,14,178.42,false
SO-00933,2025-09-29,West,partner,Flange,3,154.80,false
SO-00934,2025-03-22,North,partner,Gadget,7,39.95,false
SO-00935,2025-03-26,South,partner,Doohickey,20,172.34,false
SO-00936,2025-04-21,West,partner,Widget,4,81.45,false
SO-00937,2025-10-09,West,online,Sprocket,14,145.68,true
SO-00938,2025-06-13,North,online,Widget,10,132.44,true
SO-00939,2025-06-14,West,partner,Sprocket,3,103.84,false
SO-00940,2025-09-10,East,online,Sprocket,6,19.51,true
SO-00941,2026-02-22,South,online,Doohickey,1,89.02,true
SO-00942,2025-07-17,North,online,Gadget,19,69.46,false
SO-00943,2025-12-04,North,online,Sprocket,20,80.83,false
SO-00944,2025-05-13,West,partner,Doohickey,13,175.83,false
SO-00945,2025-01-31,West,online,Sprocket,5,10.59,false
SO-00946,2025-07-18,West,retail,Doohickey,6,136.14,false
SO-00947,2026-01-13,South,partner,Gadget,14,101.08,false
SO-00948,2026-02-01,South,retail,Widget,9,104.84,false
SO-00949,2025-05-14,West,retail,Gadget,6,94.54,false
SO-00950,2025-08-21,East,retail,Widget,16,76.80,false
SO-00951,2026-01-30,West,retail,Doohickey,18,23.57,false
SO-00952,2025-04-02,West,retail,Sprocket,17,124.58,false
SO-00953,2025-01-01,North,online,Sprocket,18,51.02,false
SO-00954,2025-03-06,West,partner,Flange,20,68.36,false
SO-00955,2025-02-27,West,online,Sprocket,14,108.45,false
SO-00956,2025-01-01,North,retail,Sprocket,16,63.52,false
SO-00957,2025-03-09,West,retail,Widget,12,102.74,false
SO-00958,2025-11-24,East,partner,Gadget,11,20.89,false
SO-00959,2025-12-31,North,partner,Sprocket,20,169.24,false
SO-00960,2025-03-26,North,retail,Doohickey,11,103.29,false
SO-00961,2025-06-10,West,retail,Gadget,16,69.95,false
SO-00962,2025-08-04,West,partner,Flange,18,116.51,false
SO-00963,2025-05-12,West,retail,Sprocket,3,130.98,true
SO-00964,2025-02-18,East,retail,Widget,6,102.84,false
SO-00965,2025-03-17,East,retail,Flange,12,118.27,false
SO-00966,2026-01-25,South,retail,Sprocket,14,142.75,true
SO-00967,2025-04-16,North,partner,Widget,3,119.34,false
SO-00968,2025-04-25,South,partner,Flange,15,67.61,false
SO-00969,2025-02-10,East,partner,Flange,6,114.07,false
SO-00970,2025-12-28,West,retail,Doohickey,4,91.77,true
SO-00971,2025-08-20,North,partner,Widget,8,147.36,false
SO-00972,2025-05-29,West,retail,Flange,7,34.44,false
SO-00973,2026-02-17,East,online,Doohickey,15,30.65,false
SO-00974,2025-05-19,North,online,Doohickey,4,130.45,false
SO-00975,2025-02-03,North,partner,Gadget,11,47.78,false
SO-00976,2025-11-22,North,online,Sprocket,13,71.58,true
SO-00977,2025-06-30,East,online,Doohickey,17,153.13,false
SO-00978,2025-06-06,North,retail,Sprocket,2,39.48,false
SO-00979,2025-03-02,South,partner,Widget,15,26.20,true
SO-00980,2025-07-15,East,retail,Sprocket,6,44.27,false
SO-00981,2025-06-04,North,partner,Gadget,3,82.16,false
SO-00982,2025-10-05,West,online,Sprocket,1,122.61,false
SO-00983,2025-10-28,West,retail,Doohickey,13,19.55,false
SO-00984,2025-12-23,South,online,Sprocket,9,138.70,false
SO-00985,2025-03-07,North,retail,Sprocket,1,161.44,false
SO-00986,2025-05-04,North,retail,Sprocket,10,170.89,false
SO-00987,2025-08-06,North,retail,Gadget,9,64.87,false
SO-00988,2025-05-02,East,retail,Doohickey,17,28.35,false
SO-00989,2026-01-18,East,retail,Doohickey,13,97.15,true
SO-00990,2025-11-22,North,retail,Flange,15,108.96,false
SO-00991,2025-08-29,South,retail,Doohickey,1,112.20,true
SO-00992,2025-05-04,East,partner,Widget,12,113.45,false
SO-00993,2025-03-25,North,online,Flange,18,59.27,false
SO-00994,2025-10-12,West,partner,Flange,7,89.51,false
SO-00995,2025-01-08,East,retail,Doohickey,9,178.99,false
SO-00996,2025-03-10,North,online,Gadget,1,134.17,false
SO-00997,2025-10-09,East,partner,Sprocket,9,105.46,false
SO-00998,2025-11-02,West,retail,Flange,17,59.89,false
SO-00999,2026-02-01,North,online,Flange,14,8.69,false
SO-01000,2025-05-26,North,retail,Sprocket,7,52.67,false
SO-01001,2025-10-07,East,retail,Flange,2,104.77,false
SO-01002,2026-02-10,East,retail,Sprocket,1,54.47,false
SO-01003,2025-05-15,North,retail,Doohickey,1,145.17,false
SO-01004,2025-02-18,East,retail,Doohickey,18,139.19,false
SO-01005,2026-01-06,North,retail,Sprocket,18,15.18,true
SO-01006,2026-02-20,South,partner,Gadget,9,142.75,false
SO-01007,2025-09-20,North,retail,Flange,18,64.41,false
SO-01008,2025-02-06,East,partner,Flange,3,105.55,true
SO-01009,2025-09-03,West,online,Sprocket,18,107.69,false
SO-01010,2025-11-10,West,partner,Widget,9,11.54,true
SO-01011,2026-01-04,South,partner,Widget,11,33.76,true
SO-01012,2025-07-26,South,partner,Gadget,14,13.15,false
SO-01013,2025-04-20,South,retail,Flange,16,10.28,false
SO-01014,2025-01-06,North,partner,Widget,1,112.11,false
SO-01015,2025-05-16,South,partner,Widget,5,104.14,true
SO-01016,2026-01-02,South,partner,Widget,13,155.28,false
SO-01017,2025-07-29,South,partner,Flange,12,94.90,false
SO-01018,2025-07-06,East,retail,Gadget,15,102.04,false
SO-01019,2025-11-16,North,online,Widget,11,103.83,false
SO-01020,2025-01-31,East,online,Gadget,11,122.02,false
SO-01021,2025-09-17,West,retail,Gadget,7,34.10,false
SO-01022,2025-07-15,West,partner,Flange,10,145.16,false
SO-01023,2025-08-09,East,retail,Sprocket,9,22.11,true
SO-01024,2025-11-05,South,retail,Widget,14,177.36,true
SO-01025,2025-11-25,North,retail,Widget,2,69.60,false
SO-01026,2025-03-20,East,retail,Widget,5,157.33,false
SO-01027,2026-01-04,North,retail,Sprocket,13,66.94,false
SO-01028,2026-02-06,East,retail,Doohickey,7,80.98,false
SO-01029,2025-05-25,East,retail,Gadget,13,36.58,false
SO-01030,2025-02-16,East,retail,Sprocket,2,142.65,false
SO-01031,2025-08-08,West,partner,Flange,7,94.30,false
SO-01032,2025-09-05,East,online,Widget,17,78.52,false
SO-01033,2025-03-26,West,online,Widget,11,156.45,false
SO-01034,2025-07-05,East,partner,Gadget,14,141.29,true
SO-01035,2026-01-03,North,partner,Gadget,15,35.67,false
SO-01036,2025-03-21,North,partner,Sprocket,20,176.64,false
SO-01037,2025-02-03,North,retail,Flange,15,50.26,false
SO-01038,2025-02-01,North,retail,Sprocket,10,72.75,true
SO-01039,2025-04-02,East,retail,Gadget,13,144.67,false
SO-01040,2025-01-10,South,online,Sprocket,6,157.81,false
SO-01041,2025-11-15,North,partner,Doohickey,4,160.72,false
SO-01042,2025-09-13,West,online,Widget,10,134.86,true
SO-01043,2026-02-01,East,online,Gadget,8,44.34,false
SO-01044,2025-11-14,East,partner,Gadget,17,8.95,false
SO-01045,2025-10-26,South,retail,Doohickey,15,28.10,false
SO-01046,2025-08-08,East,retail,Gadget,6,117.42,false
SO-01047,2026-01-06,East,partner,Flange,4,88.76,false
SO-01048,2025-08-16,East,partner,Flange,17,102.57,false
SO-01049,2026-01-21,South,partner,Flange,13,160.70,false
SO-01050,2025-02-11,North,retail,Doohickey,10,64.60,true
SO-01051,2025-01-19,West,retail,Doohickey,20,79.04,true
SO-01052,2025-03-18,South,online,Flange,12,48.05,false
SO-01053,2025-11-20,East,retail,Sprocket,2,38.47,false
SO-01054,2025-05-06,South,partner,Widget,17,153.64,true
SO-01055,2025-07-08,North,retail,Widget,6,14.87,true
SO-01056,2025-08-05,West,online,Sprocket,10,30.37,false
SO-01057,2025-07-08,South,retail,Flange,8,18.35,true
SO-01058,2025-02-04,North,online,Gadget,4,38.24,false
SO-01059,2025-12-30,South,online,Sprocket,12,51.90,true
SO-01060,2026-02-06,South,online,Flange,17,109.32,false
SO-01061,2025-10-18,West,retail,Flange,9,94.35,false
SO-01062,2025-11-22,South,partner,Flange,13,176.01,false
SO-01063,2025-12-16,South,online,Gadget,7,67.64,true
SO-01064,2025-08-12,North,partner,Doohickey,5,45.88,false
SO-01065,2025-02-07,East,partner,Doohickey,13,66.33,false
SO-01066,2025-12-17,West,partner,Flange,7,42.89,false
SO-01067,2025-03-27,South,online,Sprocket,5,126.95,true
SO-01068,2025-07-22,South,retail,Gadget,15,91.36,false
SO-01069,2025-01-17,East,retail,Widget,15,114.60,false
SO-01070,2025-01-13,South,online,Gadget,10,135.37,false
SO-01071,2025-10-31,East,retail,Sprocket,18,112.07,false
SO-01072,2025-03-20,West,retail,Doohickey,6,154.65,false
SO-01073,2025-02-05,West,retail,Flange,7,11.35,false
SO-01074,2025-02-23,South,online,Gadget,1,156.12,false
SO-01075,2025-01-21,South,partner,Flange,5,26.34,true
SO-01076,2025-01-15,West,partner,Widget,2,19.00,false
SO-01077,2025-05-09,East,partner,Gadget,4,22.53,true
SO-01078,2025-11-10,East,retail,Gadget,7,147.53,false
SO-01079,2025-01-24,West,online,Gadget,11,125.33,false
SO-01080,2026-01-11,North,partner,Widget,16,167.31,true
SO-01081,2025-10-15,West,partner,Gadget,12,145.55,false
SO-01082,2025-03-09,West,partner,Gadget,12,147.47,false
SO-01083,2025-08-28,North,partner,Doohickey,16,140.81,false
SO-01084,2025-12-08,North,partner,Sprocket,8,30.38,false
SO-01085,2025-04-04,North,partner,Doohickey,6,69.08,false
SO-01086,2025-03-25,East,partner,Sprocket,14,125.79,true
SO-01087,2025-08-11,South,online,Sprocket,7,97.63,false
SO-01088,2025-02-09,North,partner,Widget,17,178.77,false
SO-01089,2025-02-08,South,partner,Gadget,9,129.79,true
SO-01090,2025-10-11,South,retail,Doohickey,2,95.54,true
SO-01091,2025-07-12,West,retail,Widget,19,44.14,false
SO-01092,2025-02-26,East,online,Widget,11,170.34,false
SO-01093,2025-03-26,West,online,Flange,2,95.04,true
SO-01094,2025-08-08,East,online,Doohickey,4,83.34,false
SO-01095,2025-05-14,East,online,Doohickey,14,35.87,false
SO-01096,2025-08-14,West,retail,Sprocket,8,140.47,false
SO-01097,2026-02-08,East,partner,Doohickey,9,153.86,false
SO-01098,2025-05-07,North,partner,Flange,1,10.99,false
SO-01099,2025-09-27,East,retail,Gadget,8,177.40,false
SO-01100,2025-12-12,South,retail,Doohickey,15,129.63,true
SO-01101,2025-05-30,North,retail,Gadget,1,172.99,true
SO-01102,2026-02-24,East,online,Doohickey,20,72.39,false
SO-01103,2025-12-18,North,partner,Gadget,11,149.71,false
SO-01104,2025-11-29,South,partner,Widget,6,131.16,false
SO-01105,2025-12-27,North,retail,Widget,3,133.11,false
SO-01106,2025-06-19,South,retail,Gadget,7,177.32,false
SO-01107,2025-02-03,East,retail,Doohickey,3,54.27,false
SO-01108,2026-01-13,South,online,Widget,15,12.48,true
SO-01109,2025-06-11,North,retail,Gadget,15,146.06,false
SO-01110,2025-02-08,North,online,Flange,8,69.02,false
SO-01111,2026-01-24,East,retail,Gadget,17,43.24,true
SO-01112,2025-12-21,East,retail,Gadget,6,92.58,false
SO-01113,2025-05-20,West,partner,Flange,6,40.94,true
SO-01114,2025-12-14,South,partner,Gadget,3,153.35,false
SO-01115,2025-05-18,South,partner,Flange,19,176.17,false
SO-01116,2025-07-08,South,partner,Doohickey,2,165.09,false
SO-01117,2025-06-14,West,partner,Gadget,6,145.33,false
SO-01118,2025-01-04,West,retail,Flange,10,120.83,false
SO-01119,2025-10-08,West,partner,Gadget,3,115.68,false
SO-01120,2025-08-27,South,online,Widget,6,70.82,false
SO-01121,2025-07-31,North,online,Gadget,7,75.38,true
SO-01122,2026-02-17,West,online,Widget,18,111.23,false
SO-01123,2025-10-10,South,online,Doohickey,5,86.96,false
SO-01124,2025-03-19,South,partner,Gadget,16,56.30,false
SO-01125,2026-01-07,East,retail,Flange,4,35.70,true
SO-01126,2025-08-13,South,retail,Widget,5,82.47,true
SO-01127,2025-07-19,East,online,Doohickey,10,76.78,false
SO-01128,2025-08-22,North,partner,Flange,19,59.61,true
SO-01129,2025-05-31,South,retail,Sprocket,7,80.06,true
SO-01130,2025-09-11,South,online,Flange,2,118.41,false
SO-01131,2025-12-26,East,online,Flange,16,93.15,false
SO-01132,2025-09-09,West,retail,Doohickey,15,15.82,false
SO-01133,2025-12-12,West,online,Widget,16,50.00,false
SO-01134,2025-07-01,North,partner,Doohickey,17,96.61,true
SO-01135,2026-01-20,West,online,Widget,4,90.30,false
SO-01136,2025-02-27,West,retail,Doohickey,17,28.48,false
SO-01137,2025-04-06,North,partner,Widget,3,39.97,false
SO-01138,2025-12-24,North,retail,Widget,16,29.51,false
SO-01139,2025-07-08,South,partner,Sprocket,6,163.04,false
SO-01140,2025-02-11,East,retail,Doohickey,8,122.26,false
SO-01141,2025-11-30,West,partner,Widget,12,90.29,false
SO-01142,2026-01-09,East,online,Flange,17,114.73,false
SO-01143,2025-05-04,South,retail,Gadget,11,99.79,false
SO-01144,2025-06-06,East,partner,Widget,12,13.07,false
SO-01145,2026-01-24,East,retail,Doohickey,18,10.62,false
SO-01146,2025-01-29,North,online,Flange,20,21.76,true
SO-01147,2025-12-19,East,online,Gadget,14,96.47,false
SO-01148,2025-10-01,South,partner,Sprocket,8,97.34,false
SO-01149,2025-05-02,East,retail,Flange,16,108.16,false
SO-01150,2025-05-20,South,online,Doohickey,18,48.54,false
SO-01151,2025-04-14,West,online,Widget,5,102.86,false
SO-01152,2025-01-02,South,partner,Gadget,16,13.89,false
SO-01153,2025-12-02,East,partner,Widget,6,135.35,true
SO-01154,2025-12-21,North,retail,Flange,5,64.20,true
SO-01155,2025-04-30,East,retail,Widget,17,36.94,false
SO-01156,2026-01-18,North,partner,Flange,3,152.33,false
SO-01157,2025-04-14,East,retail,Sprocket,7,55.96,false
SO-01158,2025-12-04,West,retail,Doohickey,13,139.85,false
SO-01159,2025-10-27,North,partner,Flange,6,165.60,false
SO-01160,2025-06-06,North,online,Sprocket,8,40.81,false
SO-01161,2025-06-18,South,partner,Sprocket,13,104.39,false
SO-01162,2025-10-16,East,online,Sprocket,13,12.10,false
SO-01163,2025-08-01,East,online,Sprocket,14,20.50,false
SO-01164,2025-09-24,East,partner,Flange,2,109.72,false
SO-01165,2025-08-09,West,online,Sprocket,20,35.98,true
SO-01166,2025-05-19,East,online,Widget,14,160.47,false
SO-01167,2025-10-05,South,partner,Gadget,2,88.94,false
SO-01168,2025-02-05,West,partner,Flange,3,156.19,false
SO-01169,2025-11-23,East,retail,Sprocket,5,111.51,false
SO-01170,2025-04-09,West,partner,Gadget,14,61.47,false
SO-01171,2025-12-30,North,partner,Gadget,1,16.19,true
SO-01172,2025-03-29,East,online,Sprocket,14,138.03,false
SO-01173,2025-03-07,West,retail,Sprocket,16,53.57,false
SO-01174,2025-09-27,North,online,Doohickey,10,172.26,true
SO-01175,2025-06-03,South,retail,Gadget,16,174.77,false
SO-01176,2026-02-12,North,retail,Doohickey,8,131.99,false
SO-01177,2025-01-02,North,partner,Sprocket,8,18.45,false
SO-01178,2025-06-04,West,retail,Widget,13,160.96,false
SO-01179,2025-09-04,South,online,Gadget,20,117.42,true
SO-01180,2025-03-04,South,partner,Flange,2,48.86,false
SO-01181,2025-11-27,South,online,Doohickey,11,16.92,false
SO-01182,2026-02-20,West,partner,Doohickey,17,175.95,false
SO-01183,2025-05-06,West,retail,Doohickey,17,177.59,true
SO-01184,2025-03-05,South,retail,Widget,2,42.08,false
SO-01185,2025-11-18,South,retail,Widget,18,123.01,true
SO-01186,2025-05-20,East,online,Widget,1,45.40,false
SO-01187,2025-01-18,East,partner,Sprocket,11,49.99,false
SO-01188,2025-04-10,East,online,Doohickey,2,20.34,false
SO-01189,2025-09-06,East,online,Gadget,8,93.79,true
SO-01190,2025-01-05,North,retail,Flange,13,122.51,false
SO-01191,2025-08-01,East,partner,Flange,7,127.41,false
SO-01192,2025-02-09,North,online,Widget,17,94.64,false
SO-01193,2025-08-02,West,partner,Sprocket,14,31.53,false
SO-01194,2025-05-01,North,partner,Flange,4,44.78,false
SO-01195,2025-08-16,East,online,Widget,8,152.05,false
SO-01196,2026-02-22,East,retail,Doohickey,4,173.88,false
SO-01197,2026-01-18,North,retail,Flange,12,36.79,false
SO-01198,2025-10-14,East,partner,Widget,6,54.67,true
SO-01199,2025-01-25,South,online,Widget,3,174.49,false
SO-01200,2026-01-07,East,retail,Widget,13,71.16,true
